dsgdsgdsa,b,c,d,e,f,g,h,i,j,k,l,m,n,fgdfsg
o,p,q,r,s,t,u,v,w,x,dfgdfs
 gdfsgdf
,gdfsgdfg
1,2,gdfsgdfg
3,gdfsgdfg
,4,gdfsgdsf
,6,7,8,9,10,11,12,13,14,15,sdfgsdf
16,sdfgsdf
,18,,MySchool,21,22,23,24,,,,,,,,,,,,,,,,,,,,,,,,,,,,,,,,,,,,,,,,,,Normal,,ComSciQuiz
gsdgdsa,b,c,d,e,f,g,h,i,j,k,l,m,n,gsdgds
o,p,q,r,s,t,u,v,w,x,gdsgsd
 gds
,gsd
1,2,gsd
3,gsd
,4,gsdgsd
,6,7,8,9,10,11,12,13,14,15,gsdgsd
16,gsdgsd
,18,,MySchool,21,22,23,24,,,,,,,,,,,,,,,,,,,,,,,,,,,,,,,,,,,,,,,,,,Normal,,ComSciQuiz
gddsga,b,c,d,e,f,g,h,i,j,k,l,m,n,dsgds
o,p,q,r,s,t,u,v,w,x,gsd
 gsdgsdg
,gdsgdsg
1,2,gdsgdsg
3,gdsgdsg
,4,dsgsd
,6,7,8,9,10,11,12,13,14,15,sdg
16,sdg
,18,,MySchool,21,22,23,24,,,,,,,,,,,,,,,,,,,,,,,,,,,,,,,,,,,,,,,,,,Normal,,ComSciQuiz
dfhdfa,b,c,d,e,f,g,h,i,j,k,l,m,n,hhdfhdf
o,p,q,r,s,t,u,v,w,x,h
 dfhdf
,hdf
1,2,hdf
3,hdf
,4,hdf
,6,7,8,9,10,11,12,13,14,15,hdfh
16,hdfh
,18,,MySchool,21,22,23,24,,,,,,,,,,,,,,,,,,,,,,,,,,,,,,,,,,,,,,,,,,Normal,,ComSciQuiz
hsdfha,b,c,d,e,f,g,h,i,j,k,l,m,n,sdfhsd
o,p,q,r,s,t,u,v,w,x,hsdh
 sdhsd
,hs
1,2,hs
3,hs
,4,hsdhsdhs
,6,7,8,9,10,11,12,13,14,15,hsh
16,hsh
,18,,MySchool,21,22,23,24,,,,,,,,,,,,,,,,,,,,,,,,,,,,,,,,,,,,,,,,,,Normal,,ComSciQuiz
yfcyfdrya,b,c,d,e,f,g,h,i,j,k,l,m,n,fyfcy
o,p,q,r,s,t,u,v,w,x,fcvycvfycy
 cfcf
,cfycf
1,2,cfycf
3,cfycf
,4,ycfycfyc
,6,7,8,9,10,11,12,13,14,15,c
16,c
,18,,MySchool,21,22,23,24,,,,,,,,,,,,,,,,,,,,,,,,,,,,,,,,,,,,,,,,,,Normal,,ComSciQuiz
dfbsdfghsdra,b,c,d,e,f,g,h,i,j,k,l,m,n,gdsgdsg
o,p,q,r,s,t,u,v,w,x,dsgsdg
 dsgfdg
,sdgsdg
1,2,sdgsdg
3,sdgsdg
,4,sdgsdgsg
,6,7,8,9,10,11,12,13,14,15,sdgss
16,sdgss
,18,,MySchool,21,22,23,24,,,,,,,,,,,,,,,,,,,,,,,,,,,,,,,,,,,,,,,,,,Normal,,ComSciQuiz
ja,b,c,d,e,f,g,h,i,j,k,l,m,n,afa
o,p,q,r,s,t,u,v,w,x,sadgd
 aggdsdsg
,sdgasd
1,2,sdgasd
3,sdgasd
,4,dsagasg
,6,7,8,9,10,11,12,13,14,15,asdgdasg
16,asdgdasg
,18,,MySchool,21,22,23,24,,,,,,,,,,,,,,,,,,,,,,,,,,,,,,,,,,,,,,,,,,Normal,,ComSciQuiz
hdfghdfga,b,c,d,e,f,g,h,i,j,k,l,m,n,dfghdfgsh
o,p,q,r,s,t,u,v,w,x,hdfgh
 dfshdsfhdfh
,sdhdfh
1,2,sdhdfh
3,sdhdfh
,4,sdfhdfh
,6,7,8,9,10,11,12,13,14,15,dfhdsfhsdf
16,dfhdsfhsdf
,18,,MySchool,21,22,23,24,,,,,,,,,,,,,,,,,,,,,,,,,,,,,,,,,,,,,,,,,,Normal,,ComSciQuiz
